<?xml version="1.0" encoding="utf-8"?>
<install type="module" version="1.5.0">
    <!-- Name of the Module -->
        <name>JEEMA Image Scroller</name> 
 
    <!-- Name of the Author -->
        <author>JEEMA Web Solutions</author> 
 
    <!-- Version Date of the Module -->
        <creationDate>26-Oct-2009</creationDate> 
 
    <!-- Copyright information -->
        <copyright>All rights reserved by www.jeema.net.</copyright> 
 
    <!-- License Information -->
        <license>GPL 2.0</license> 
 
    <!-- Author's email address -->
        <authorEmail>support@jeema.net</authorEmail> 
 
    <!-- Author's website -->
        <authorUrl>www.jeema.net</authorUrl> 
 
    <!-- Module version number -->
        <version>1.0.0</version> 
 
    <!-- Description of what the module does -->
        <description>Scroll a set of images from folder and use jcepopup</description>
 
    <!-- Listing of all files that should be installed for the module to function -->
        <files>
        <!-- The "module" attribute signifies that this is the main controller file -->
                <filename module="mod_jeemaimagescroller">mod_jeemaimagescroller.php</filename>
                <filename>index.html</filename>
                <filename>helper.php</filename>
                <filename>tmpl/default.php</filename>
                <filename>tmpl/index.html</filename>
        </files>
 
    <languages>
        <!-- Any language files included with the module -->
    </languages>
 
    <!-- Optional parameters -->
        <params>
        <!-- parameter to allow placement of a module class suffix for the module table / xhtml display -->
        <param name="moduleclass_sfx" type="text" default="" label="Module Class Suffix" description="PARAMMODULECLASSSUFFIX" />
 
        <!-- just gives us a little room between the previous paramter and the next -->
        <param name="@spacer" type="spacer" default="" label="" description="" />
 
        <param name="thumb_folder" type="text" default="" label="Thumbnail Folder" description="Give the folder where you stored all the thumbnails"/>
        <param name="large_folder" type="text" default="" label="Large Image Folder" description="Give the folder where you stored all the large images"/>
        <param name="no_of_images" type="text" default="10" label="Number of Images" description="Give the number of images to display"/>
        <param name="random_images" type="radio" default="1" label="Random" description="Set this to show images in random order">
          <option value="1">Yes</option>
          <option value="0">No</option>
        </param>
        <param name="thumb_width" type="text" default="150" label="Thumbnail width" description="Give the height of the thumbnail Ex:150"/>
        <param name="thumb_height" type="text" default="150" label="Thumbnail height" description="Give the width of the thumbnail Ex:150"/>

        <param name="@spacer" type="spacer" default="" label="" description="" />

        <param name="enable_scroll" type="radio" default="0" label="Enable Scroll" description="Set this to enable Scroll">
          <option value="1">Yes</option>
          <option value="0">No</option>
        </param>
                
        <param name="scroll_direction" type="radio" default="up" label="Scroll direction" description="Specify the scroll direction">
          <option value="up">Up</option>
          <option value="down">Down</option>
          <option value="left">Left</option>
          <option value="right">Right</option>
        </param>
        <param name="container_width" type="text" default="180" label="Container Width" description="Specify the container width"/>
        <param name="container_height" type="text" default="300" label="Container Height" description="Specify the container height"/>
        <param name="scroll_amount" type="text" default="1" label="Scroll Amount" description="Specify the Scroll Amount"/>
        <param name="scroll_delay" type="text" default="1" label="Scroll Delay" description="Specify the Scroll Delay"/>

        </params>
</install>
