<?xml version="1.0" encoding="iso-8859-1"?>
<install type="module" version="1.5.0">
    <name>Sot Article Thumbnail slide</name>
    <creationDate>Oct 2010</creationDate>
    <author>Sky Of Tech</author>
    <copyright>(C) 2011 Sky Of Tech</copyright>
	<license>http://www.gnu.org/licenses/gpl-2.0.html GNU/GPL</license>
    <authorEmail>contactnum1@gmail.com</authorEmail>
    <authorUrl>http://skyoftech.com</authorUrl>
    <version>1.0</version>
    <description>SOT ARTICLE  THUMBNAIL SLIDE DESC</description>
    <files>
         <filename module="mod_sot_article_thumbnail_slide">mod_sot_article_thumbnail_slide.php</filename>
         <filename module="mod_sot_article_thumbnail_slide">mod_sot_article_thumbnail_slide.xml</filename>
		 <filename module="mod_sot_article_thumbnail_slide">index.html</filename>
		 <filename module="mod_sot_article_thumbnail_slide">LICENSE.txt</filename>
         <filename module="mod_sot_article_thumbnail_slide">helper.php</filename>         
         <folder module="mod_sot_article_thumbnail_slide">assets</folder>
         <folder module="mod_sot_article_thumbnail_slide">tmpl</folder>
         <folder module="mod_sot_article_thumbnail_slide">elements</folder>
		 <folder module="mod_sot_article_thumbnail_slide">libs</folder>
    </files>
	 <languages>
		<language tag="en-GB">en-GB.mod_sot_article_thumbnail_slide.ini</language>
	</languages>	   
   <params addpath="/modules/mod_sot_article_thumbnail_slide/elements">  
   		<param type="logo" default="" ></param> 		
		<param name="@spacer1" type="spacer" default="&lt;div style=&quot;font-family:arial;font-size:14px;color:#FFB36B; text-shadow:1px 1px 1px #333;padding:7px;margin:0;background:#5B8BDE;&quot;&gt;General Settings&lt;/div&gt;" />

   		<param name="moduleclass_sfx" type="text" default="" label="Module Class Suffix" description="PARAMMODULECLASSSUFFIX" />
		
        <param name="sections_cates" type="article" default="1" label="Select Sections And Categories" description="Please choose categories and sections in the list which you want to get articles from these to show on module" />
		
   		<paran name="article_ids" type="text" default="" label="Article ids" description="If you want to show exactly the articles on slideshow please type the article's id here. Format is: id1,id2,id3... " />
		
		<param name="is_frontpage" type="list" default="2" label="Article Type" description="Please choose a type of article which you want to show in the module ">
            <option value="1">FrontPage Article</option>
            <option value="2">Both</option>
            <option value="3">Without FrontPage Article</option>
        </param>
   		<param name="sort_order_field" type="list" default="created" label="Sort By Field" description="SORT ORDER BY FIELD">
			<option value="created">Date</option>
			<option value="ordering">Ordering</option>
			<option value="hits">Hits</option>						
			<option value="random">Random</option>
		</param>
		
		<param name="sort_order" type="list" default="ASC" label="Sort Order By" description="SORT ORDER BY ASC|DESC">
			<option value="ASC">Asc</option>
			<option value="DESC">Desc</option>
		</param>				
		<param name="total" type="text" default="6" label="The Amount of Articles" description="The amount of articles which you want to show in the module" />		
		<param name="auto_play" type="list" default="1" label="Auto play" description="Set for slideshow auto play or not.">
			<option value="1">Yes</option>
			<option value="0">No</option>			
		</param>
		<!-- Group 2: For title and link -->
		<param name="@spacer2" type="spacer" default="&lt;div style=&quot;font-family:arial;font-size:15px;color:#FFB36B; text-shadow:1px 1px 1px #333;padding:7px;margin:0;background:#5B8BDE;&quot;&gt;Title Options and Link Options&lt;/div&gt;" />	
			
		<param name="limittitle" type="text" default="25" label="Max Length of Title" description="Max length of title" />
		<param name="target" type="list" default="_self" label="Open Link" description="The Type shows when you click on the link">
			<option value="_blank">New Window</option>
			<option value="_self">Same Window</option>					
		</param>
		
		<param name="link_title" type="list" default="1" label="Link for title" description="Link for title">
			<option value="1">Yes</option>
			<option value="0">No</option>			
		</param>
		
		<param name="show_readmore" type="list" default="1" label="Show readmore link" description="Show readmore link or not">
			<option value="1">Yes</option>
			<option value="0">No</option>			
		</param>
		
		<param name="@spacer3" type="spacer" default="&lt;div style=&quot;font-family:arial;font-size:15px;color:#FFB36B; text-shadow:1px 1px 1px #333;padding:7px;margin:0;background:#5B8BDE;&quot;&gt;Image Options&lt;/div&gt;" />
		<!-- Group 3: For Images -->						
		<param name="thumb_width" type="text" default="940" label="Large Thumbnail Width" description="The width of thumbnail image. The module will auto resize your image to your width" />
		<param name="thumb_height" type="text" default="450" label="Large Thumbnail Height" description="The height of thumbnail image. The module will auto resize your image to your height" />
		
		<param name="small_thumb_width" type="text" default="70" label="Small Thumbnail Width" description="The width of small thumbnail image. The module will auto resize your image to your width" />
		<param name="small_thumb_height" type="text" default="40" label="Small Thumbnail Height" description="The height of small thumbnail image. The module will auto resize your image to your width" />
		
		<param name="cropresizeimage" type="list" default="0" label="Resized Image Type" description="Resized Image Type">
			<option value="0">Resized</option>
			<option value="1">Crop</option>
		</param>		
		
		<param name="@spacer4" type="spacer" default="&lt;div style=&quot;font-family:arial;font-size:15px;color:#FFB36B; text-shadow:1px 1px 1px #333;padding:7px;margin:0;background:#5B8BDE;&quot;&gt;Effect Options&lt;/div&gt;" />
		<!-- Group 4: Effect -->
		<param name="timer" label="Timer" description="Time to change image (ms). larger->slower" type="text" default="6000"></param>		
		<param name="hover" type="list" default="1" label="Stop when hover" description="Stop when hover">
			<option value="1">Yes</option>
			<option value="0">No</option>
		</param>		
	
		
		<param name="@spacer5" type="spacer" default="&lt;div style=&quot;font-family:arial;font-size:15px;color:#FFB36B; text-shadow:1px 1px 1px #333;padding:7px;margin:0;background:#5B8BDE;&quot;&gt;Themes and layouts&lt;/div&gt;" />
		<!-- Group 5: Themes and layouts -->
		<param name="show_navigation" label="Show Navigation" default="1" type="list" description="Select to show navigation or not">
			<option value="1">yes</option>
			<option value="0">no</option>
		</param>

		<param name="@spacer6" type="spacer" default="&lt;div style=&quot;font-family:arial;font-size:15px;color:#FFB36B; text-shadow:1px 1px 1px #333;padding:7px;margin:0;background:#5B8BDE;&quot;&gt;Using Thumbnail Theme Options&lt;/div&gt;" />		
		<param name="limit_description" type="text" default="200" label="Max Length of Description" description="Max length of Description" />
   </params>
   
   <params group="advanced">
		<param name="cache" type="list" default="0" label="Caching" description="Caching">
			<option value="1">Use Cache</option>
			<option value="0">Do not use Cache</option>
		</param>
		<param name="cache_time" type="text" default="300" label="Cache time" description="Cache time" />		
		<param name="description" type="textarea" cols="50" rows="10" default="" label="Description" description=""/>
	</params>
</install>

