<?xml version="1.0" encoding="utf-8"?>
<install type="module" version="1.5.0">
    <!-- Name of the Module -->
        <name>Article Intro</name> 
 
    <!-- Name of the Author -->
        <author>Malaiselvan</author> 
 
    <!-- Version Date of the Module -->
        <creationDate>01-Feb-2009</creationDate> 
 
    <!-- Copyright information -->
        <copyright>All rights reserved by www.jeema.net.</copyright> 
 
    <!-- License Information -->
        <license>GPL 2.0</license> 
 
    <!-- Author's email address -->
        <authorEmail>support@jeema.net</authorEmail> 
 
    <!-- Author's website -->
        <authorUrl>www.jeema.net</authorUrl> 
 
    <!-- Module version number -->
        <version>1.0.0</version> 
 
    <!-- Description of what the module does -->
        <description>Displays Article intro as a module</description>
 
    <!-- Listing of all files that should be installed for the module to function -->
        <files>
        <!-- The "module" attribute signifies that this is the main controller file -->
                <filename module="mod_articleintro">mod_articleintro.php</filename>
                <filename>index.html</filename>
                <filename>helper.php</filename>
                <filename>tmpl/default.php</filename>
                <filename>tmpl/index.html</filename>
        </files>
 
    <languages>
        <!-- Any language files included with the module -->
        <language tag="en-GB">en-GB.mod_articleintro.ini</language>
    </languages>
 
    <!-- Optional parameters -->
        <params>
        <!-- parameter to allow placement of a module class suffix for the module table / xhtml display -->
        <param name="moduleclass_sfx" type="text" default="" label="Module Class Suffix" description="PARAMMODULECLASSSUFFIX" />
 
        <!-- just gives us a little room between the previous paramter and the next -->
        <param name="@spacer" type="spacer" default="" label="" description="" />
 
        <!-- A parameter that allows an administrator to modify the number of users that this module will display -->
        <param name="article_id" type="text" default="1" label="LABEL ARTICLE ID" description="DESC ARTICLE ID"/>

        </params>
</install>