<?xml version="1.0" encoding="utf-8"?><install type="module" version="1.5.0"><name>Homepage Slideshow</name><creationDate>2010-08-08</creationDate><author>XML/SWF</author><authorEmail>xmlswf@gmail.com</authorEmail><authorUrl>http://xmlswf.com</authorUrl><copyright>All rights reserved by XML/SWF 2011</copyright><license>GPL 2.0</license><version>2.11</version><description>Homepage Slideshow</description>     <!-- Listing of all files that should be installed for the module to function -->        <files>        <!-- The "module" attribute signifies that this is the main controller file -->		<filename module="mod_homepageslideshow">mod_homepageslideshow.php</filename>		<filename module="mod_homepageslideshow">index.html</filename>		<filename module="mod_homepageslideshow">mod_homepageslideshow.swf</filename>		<filename module="mod_homepageslideshow">swfobject.js</filename>		<filename module="mod_homepageslideshow">models/sample_image_1.png</filename>		<filename module="mod_homepageslideshow">models/sample_image_2.png</filename>		<filename module="mod_homepageslideshow">models/sample_image_3.png</filename>		<filename module="mod_homepageslideshow">models/sample_image_4.png</filename>		<filename module="mod_homepageslideshow">models/no_image.png</filename>		<filename module="mod_homepageslideshow">noimage_functions.php</filename>		</files>    <params><param name="bannerWidth" type="text" default="760" label="Flash object width (px)" description="Flash object width (px)"/><param name="bannerHeight" type="text" default="220" label="Flash object height (px)" description="Flash object height (px)"/><param name="autoSlideTime" type="text" default="5" label="Auto slide time" description="Auto slide time in seconds. keep 0(zero) to disable auto slide show."/><param name="showPlay" type="list" default="0" label="Enable Play/Pause" description="Show/Hide play pause button">	<option value="0">No</option>	<option value="1">Yes</option></param><param name="backgroundColor" type="text" default="#FFFFFF" label="Flash object background color" description="Flash object background color. For example: #CCCCCC."/><param name="wmode" type="list" default="transparent" label="wmode" description="Select the wmode of flash">	<option value="opaque">opaque</option>	<option value="transparent">transparent</option>	<option value="window">window</option></param><param name="imagewidth" type="text" default="510" label="Images width" description="Images width"/><param name="baseColor" type="text" default="0x92BB38" label="Base color" description="Base color"/><param name="gradientColor1" type="text" default="0xE1ED91" label="Gradient Color 1" description="Gradient Color 1"/><param name="gradientColor2" type="text" default="0xAFCB5A" label="Gradient Color 2" description="Gradient Color 2"/><param name="menuColor" type="text" default="0xebf3e0" label="Menu color" description="Menu color"/><param name="menuOverColor" type="text" default="0x7DAA20" label="Menu over color" description="Menu over color"/><param name="menuTextColor" type="text" default="0x21428c" label="Menu text color" description="Menu text color"/><param name="menuOverTextColor" type="text" default="0xffffff" label="Menu text over color" description="Menu text over color"/><param name="transitionTime" type="text" default="3" label="Transition Time" description="Transition Time"/><param name="menutransition" type="text" default="0.2" label="Menu transition" description="Menu transition"/><param name="menuScrollSpeed" type="text" default="15" label="Menu scroll speed" description="Menu scroll speed"/><param name="descbox_visible" type="radio" default="yes" label="Show Description Box" description="Show Description Box.">	<option value="yes">Yes</option>	<option value="no">No</option></param><param name="boxwidth" type="text" default="250" label="Box width" description="Box width"/><param name="boxheight" type="text" default="160" label="Box height" description="Box height"/><param name="infoFontSizeBig" type="text" default="16" label="Description big text font size" description="Description big text font size"/><param name="infoFontSizeSmall" type="text" default="12" label="Description small text font size" description="Description small text font size"/><param name="menuFontSize" type="text" default="12" label="Menu font size" description="Menu font size"/><param name="transform" type="list" default="blur" label="Transform" description="Transform">	<option value="blur">Blur</option>	<option value="shortRotation">shortRotation</option>	<option value="circlePath">circlePath</option></param><param name="CornerRadius" type="text" default="55" label="Corner Radius" description="Corner Radius amount"/><param name="box_x" type="text" default="270" label="DescriptionBox X-Position" description="Starting point of box on x-axis"/><param name="box_y" type="text" default="50" label="DescriptionBox Y-Position" description="Ending point of box on y-axis"/><param name="button_width" type="text" default="100" label="Viewmore Button Width" description="Viewmore Button width."/><param name="FindMoreColorBack" type="text" default="0x095373" label="Description background color" description="Description background color"/><param name="FindMoreColorText" type="text" default="0xffffff" label="Description text color" description="Description text color"/><param name="FindMoreAlpha" type="list" default="0.3" label="Description alpha" description="Description alpha"><option value="0">0</option><option value="0.1">0.1</option><option value="0.2">0.2</option><option value="0.3">0.3</option><option value="0.4">0.4</option><option value="0.5">0.5</option><option value="0.6">0.6</option><option value="0.7">0.7</option><option value="0.8">0.8</option><option value="0.9">0.9</option><option value="1">1</option></param><param name="FindMoreName" type="text" default="View More" label="View More button text" description="View More button text"/><param name="target" type="list" default="_self" label="Traget Link" description="Where do you load the target url when user clicks on the View More" > 	<option value="_blank">_blank</option>	<option value="_self">_self</option></param><param name="FindMoreButtonColor" type="text" default="0x38C0FB" label="View More button color" description="View More button color"/><param name="FindMoreButtonTextColor" type="text" default="0xffffff" label="View More button text color" description="View More button text color"/><param name="pic" type="textarea" default="modules/mod_homepageslideshow/models/sample_image_1.png\nmodules/mod_homepageslideshow/models/sample_image_2.png\nmodules/mod_homepageslideshow/models/sample_image_3.png\nmodules/mod_homepageslideshow/models/sample_image_4.png" label="Images URLs" description="List of images URLs, one per line. Please use absolute URLs." cols="50" rows="8" /><param name="menutxt" type="textarea" default="News one\nNews two\nNews three\nNews four" label="Menu titles" description="List of menu titles, one title per line" cols="50" rows="8" /><param name="showDesBigTxt" type="radio" default="1" label="Description big text" description="Show Description big text on slideshow.">	<option value="1">Show</option>	<option value="0">Hide</option></param><param name="bigtext" type="textarea" default="Title one\nTitle two\nTitlethree\nTitle four" label="Descriptions big text" description="List of the descriptions big text(top), one description per line" cols="50" rows="8" /><param name="showDesSmlTxt" type="radio" default="1" label="Description small text" description="Show Description small text on slideshow.">	<option value="1">Show</option>	<option value="0">Hide</option></param><param name="stext" type="textarea" default="Description one\nDescription two\nDescription three\nDescription four" label="Descriptions small text" description="List of the descriptions small text(bottom), one description per line" cols="50" rows="8" /><param name="links" type="textarea" default="http://xmlswf.com\nhttp://xmlswf.com\nhttp://xmlswf.com\nhttp://xmlswf.com\n" label="Links" description="List of links, one per line." cols="50" rows="8" /><param name="xml_fname" type="text" default="a" label="File names prefix" description="XML and SWF file name prefix. Used for different instances. Mandatory for multiple instances on one page."/><param name="moduleclass_sfx" type="text" default="" label="Module Class Suffix" description="PARAMMODULECLASSSUFFIX" /></params></install>