<?xml version="1.0" encoding="utf-8"?>
<install type="module" version="1.5.0">
	<name>PQ Softs Content Slideshow Module</name>
	<author>PQSofts.com</author>
	<creationDate>December 2009</creationDate>
	<copyright>Copyright (C) 2009 PQ Softs. All rights reserved.</copyright>
	<license>http://www.gnu.org/licenses/gpl-2.0.html GNU/GPL</license>
	<authorEmail>pqsofts@gmail.com</authorEmail>
	<authorUrl>www.pqsofts.com</authorUrl>
	<version>1.5.0</version>
	<description>Mootools Content Slideshow module for Joomla! 1.5</description>
	<files>
		<filename module="mod_pq_contentslider">mod_pq_contentslider.php</filename>
			<folder>tmpl/</folder>
			<folder>images/</folder>
			<folder>script/</folder>
			<folder>css/</folder>
			<filename>helper.php</filename>
			<filename>index.html</filename>
	</files>
	<params>
		<param name="moduleclass_sfx" type="text" default="" label="Module Class Suffix" description="A suffix to be applied to the css class of the module (table.moduletable), this allows individual module styling" />
		<param name="uniqid" type="text" default="1" label="Module Uniq ID" description="Module uniq id" />
		<param name="width" type="text" default="320" label="Width" description="Width witout px" />
		<param name="height" type="text" default="200" label="Height" description="Height without px" />
		
		<param name="limit" type="text" default="3" label="Slide Amount" description="" />
		<param name="slide_word_limit" type="text" default="80" label="Word limit" description="" />
		<param name="catid" type="category" default="1" label="Slide Cateogry" description="" />
		
		<param name="sorient" type="list" default="0" label="Slide orientation" description="Slide orientation">
			<option value="0">vertical</option>
			<option value="1">horizontal</option>
		</param>
		<param name="autoPlay" type="radio" default="1" label="Auto Play" description="">
			<option value="0">NO</option>
			<option value="1">YES</option>
		</param>
		<param name="showButton" type="radio" default="1" label="Show Buttons" description="">
			<option value="0">NO</option>
			<option value="1">YES</option>
		</param>			
		<param name="showReadon" type="radio" default="1" label="Show readmore button" description="">
			<option value="0">NO</option>
			<option value="1">YES</option>
		</param>
		<param name="readontext" type="text" default="Read More.." Label="Slide readmore button text" description="Slide readmore button text" />	
		<param name="interval" type="text" default="5000" label="Transition Interval" description=""></param>
		<param name="speed" type="text" default="1000" label="Transition Speed" description=""></param>
		<param name="transition" type="list" default="Sine.easeOut" label="Transition" description="">
			<option value="linear">linear</option>
			<option value="Quad.easeOut">Quad.easeOut</option>
			<option value="Quad.easeIn">Quad.easeIn</option>
			<option value="Quad.easeInOut">Quad.easeInOut</option>
			<option value="Cubic.easeOut">Cubic.easeOut</option>
			<option value="Cubic.easeIn">Cubic.easeIn</option>
			<option value="Cubic.easeInOut">Cubic.easeInOut</option>
			<option value="Quart.easeOut">Quart.easeOut</option>
			<option value="Quart.easeIn">Quart.easeIn</option>
			<option value="Quart.easeInOut">Quart.easeInOut</option>
			<option value="Quint.easeOut">Quint.easeOut</option>
			<option value="Quint.easeIn">Quint.easeIn</option>
			<option value="Quint.easeInOut">Quint.easeInOut</option>
			<option value="Expo.easeOut">Expo.easeOut</option>
			<option value="Expo.easeIn">Expo.easeIn</option>
			<option value="Expo.easeInOut">Expo.easeInOut</option>
			<option value="Circ.easeOut">Circ.easeOut</option>
			<option value="Circ.easeIn">Circ.easeIn</option>
			<option value="Circ.easeInOut">Circ.easeInOut</option>
			<option value="Sine.easeOut">Sine.easeOut</option>
			<option value="Sine.easeIn">Sine.easeIn</option>
			<option value="Sine.easeInOut">Sine.easeInOut</option>
			<option value="Back.easeOut">Back.easeOut</option>
			<option value="Back.easeIn">Back.easeIn</option>
			<option value="Back.easeInOut">Back.easeInOut</option>
			<option value="Bounce.easeOut">Bounce.easeOut</option>
			<option value="Bounce.easeIn">Bounce.easeIn</option>
			<option value="Bounce.easeInOut">Bounce.easeInOut</option>
			<option value="Elastic.easeOut">Elastic.easeOut</option>
			<option value="Elastic.easeIn">Elastic.easeIn</option>
			<option value="Elastic.easeInOut">Elastic.easeInOut</option>
		</param>
	</params>
</install>
