<?xml version="1.0" encoding="UTF-8"?>
<install type="module" version="1.5" client="site" method="upgrade">
	<name>ARI Quiz user results</name>
	<creationDate>Apr 2008</creationDate>
	<author>2008 ARI Soft</author>
	<authorEmail>info@ari-soft.com</authorEmail>
	<authorUrl>www.ari-soft.com</authorUrl>
	<version>1.0</version>
	<description>Shows top quizzes results for logged user</description>
	<files>
		<filename module="mod_ariquizusertopresult">mod_ariquizusertopresult.php</filename>
	</files>
	<params>
		<param name="moduleclass_sfx" type="text" default="" label="Module Class Suffix" description="A suffix to be applied to the css class of the module (table.moduletable), this allows individual module styling" />
		<param name="@spacer" type="spacer" default="" label="" description="" />
		<param name="label" type="text" default="My Top Results" label="Label" description="Header text" />
		<param name="@spacer" type="spacer" default="" label="" description="" />
		<param name="count" type="text" default="5" label="Count" description="The number of items to display (default 5)" />
		<param name="@spacer" type="spacer" default="" label="" description="" />
		<param name="pointUnit" type="list" default="percent" label="Result measure unit" description="Result measure unit (default percent)">
			<option value="percent">Percent</option> 
			<option value="point">Point</option> 
		</param>
	</params>
	<config>
		<fields name="params">
			<fieldset name="basic">
				<field name="moduleclass_sfx" type="text" default="" label="Module Class Suffix" description="A suffix to be applied to the css class of the module (table.moduletable), this allows individual module styling" />
				<field name="@spacer" type="spacer" default="" label="" description="" />
				<field name="label" type="text" default="My Top Results" label="Label" description="Header text" />
				<field name="@spacer" type="spacer" default="" label="" description="" />
				<field name="count" type="text" default="5" label="Count" description="The number of items to display (default 5)" />
				<field name="@spacer" type="spacer" default="" label="" description="" />
				<field name="pointUnit" type="list" default="percent" label="Result measure unit" description="Result measure unit (default percent)">
					<option value="percent">Percent</option> 
					<option value="point">Point</option> 
				</field>
			</fieldset>
		</fields>
	</config>
</install>