<?xml version="1.0" encoding="utf-8"?>
<install type="module" version="1.5.0">
	<name>Zaragoza Slides</name>
	<author>Ciro Artigot</author>
	<creationDate>May 2010</creationDate>
	<copyright>GNU</copyright>
	<license>http://www.gnu.org/licenses/gpl-2.0.html GNU/GPL</license>
	<authorEmail>info@zaragozaonline.com</authorEmail>
	<authorUrl>www.zaragozaonline.com</authorUrl>
	<version>1.0.0</version>
	<description>Zaragoza Slides</description>
	<files>
		<filename module="mod_zaragoza_slides">mod_zaragoza_slides.php</filename>
		<filename>helper.php</filename>
		<filename>tmpl/default.php</filename>
		<filename>tmpl/index.html</filename>
		<filename>css/css1.css</filename>
    	<filename>css/index.html</filename>
		<filename>js/zaragoza_slides.js</filename>
		<folder>images</folder>
	</files>
	<params>
		<param name="source" type="list" default="0" label="items source" description="">
			<option value="0">Query results</option>
			<option value="1">Selected articles</option>
	  	</param>
		<param name="@spacer" type="spacer" default="" label="" description="" />
		<param name="ids_" type="text" size="30" default="" label="Selected articles ids" description="Separated by comas" />
		<param name="@spacer" type="spacer" default="" label="" description="" />
		<param name="count" type="text" default="5" label="Count" description="The number of items to display (default 5)" />
		<param name="ordering" type="list" default="create_dsc" label="Ordering" description="Ordering options">
			<option value="c_dsc">Recently Added First</option>
			<option value="m_dsc">Recently Modified First</option>
	  	</param>
		<param name="user_id" type="list" default="0" label="Authors" description="A filter for the authors">
			<option value="0">Anyone</option>
			<option value="by_me">Added or modified by me</option>
			<option value="not_me">Not added or modified by me</option>
	  	</param>
		<param name="show_front" type="radio" default="1" label="Frontpage Items" description="">
			<option value="1">show</option>
			<option value="0">hide</option>
		</param>
		<param name="_catid" type="text" size="30" default="" label="Tag(s)" description="Separated by comas" />
	 	<param name="tags_option" type="radio" default="0" label="Tag WHERE clausule" description="Do you want to use AND or OR in the WHERE clausule">
	 			<option value="0">-OR</option>
	 			<option value="1">-AND</option>
	 	</param>			
		<param name="secid" type="text" default="" label="Section ID(s)" description="Separated by comas" />
		<param name="catid" type="text" default="" label="Category ID(s)" description="Separated by comas" />
		<param name="@spacer" type="spacer" default="" label="" description="" />
		<param name="recortar_intro" type="list" default="0" label="Crap intro" description="">
			<option value="1">Yes</option>
			<option value="2">No</option>
		</param>
		<param name="max_characters" type="text" default="300" label="Max characters" description="" />
		<param name="striptags" type="list" default="0" label="Strip intro tags" description="">
			<option value="1">Yes</option>
			<option value="2">No</option>
		</param>
		<param name="allowed_tags" type="text" default="" label="Allowed tags" description="" />
		<param name="show_date" type="list" default="1" label="Show article date" description="">
			<option value="1">Yes</option>
			<option value="0">No</option>
		</param>
		<param name="date_format" type="text" default="%d-%m-%Y" label="date format" description="Date format" />
		<param name="show_header" type="list" default="1" label="Show title" description="">
			<option value="1">Yes</option>
			<option value="0">No</option>
		</param>
		<param name="show_intro" type="list" default="1" label="Show intro text" description="">
			<option value="1">Yes</option>
			<option value="0">No</option>
		</param>
		<param name="show_readmore" type="list" default="1" label="Show read more" description="">
			<option value="1">Yes</option>
			<option value="0">No</option>
		</param>	
		<param name="readmore_text" type="text" default="Read more" label="Read more text" description="" />
		<param name="show_tabs" type="list" default="1" label="Show tabs" description="">
			<option value="1">Yes</option>
			<option value="0">No</option>
		</param>			
		<param name="tab_list" type="text" default="tab1, tab2, tab3, tab4, tab5"  size="40" label="Tab list" description="Separated by comas" />
		<param name="show_numbers" type="list" default="1" label="Show slide numbers" description="">
			<option value="1">Yes</option>
			<option value="0">No</option>
		</param>	
		<param name="show_player" type="list" default="1" label="Show player" description="">
			<option value="1">Yes</option>
			<option value="0">No</option>
		</param>	
		<param name="play" type="text" default="Play" label="Play button text" description="" />
		<param name="stop" type="text" default="Stop" label="Stop button text" description="" />		
		
		<param name="@spacer" type="spacer" default="" label="" description="" />
		<param name="include_css" type="list" default="1" label="Include CSS" description="">
			<option value="2">Yes</option>
			<option value="1">Custom params</option>
			<option value="0">No</option>
		</param>
		<param name="css" type="list" default="1" label="CSS" description="">
			<option value="1">CSS 1</option>
			<option value="2">CSS 2</option>
		</param>
		<param name="width" type="text" default="600" label="Width in px" description="" />
		<param name="height" type="text" default="300" label="Height in px" description="" />
		<param name="h3color" type="text" default="#FFFFFF" label="Header color" description="" />
		<param name="header_padding_left" type="text" default="20" label="Header left padding in px" description="" />
		<param name="header_padding_right" type="text" default="20" label="Header right padding in px" description="" />
		<param name="header_padding_top" type="text" default="12" label="Header top padding in px" description="" />
		<param name="header_padding_bottom" type="text" default="12" label="Header bottom padding in px" description="" />
		<param name="intro_padding_left" type="text" default="20" label="Intro left padding in px" description="" />
		<param name="intro_padding_right" type="text" default="20" label="Intro right padding in px" description="" />
		<param name="intro_padding_top" type="text" default="7" label="Intro top padding in px" description="" />
		<param name="intro_padding_bottom" type="text" default="7" label="Intro bottom padding in px" description="" />
		<param name="readmore_padding_left" type="text" default="20" label="Readmore left padding in px" description="" />
		<param name="readmore_padding_right" type="text" default="20" label="Readmore right padding in px" description="" />
		<param name="readmore_padding_top" type="text" default="12" label="Readmore top padding in px" description="" />
		<param name="readmore_padding_bottom" type="text" default="0" label="Readmore bottom padding in px" description="" />
		<param name="show_backgrounds" type="list" default="1" label="Show background color" description="">
			<option value="1">Yes</option>
			<option value="0">No</option>
		</param>
		<param name="background" type="text" default="#333333" label="General background color" description="" />
		<param name="show_slides_backgrounds" type="list" default="1" label="Show slides background color" description="">
			<option value="1">Yes</option>
			<option value="0">No</option>
		</param>		
		<param name="slides_background" type="text" default="#e3e1e0" label="Slides background color" description="" />
		<param name="show_topbar_background" type="list" default="1" label="Show top-bar background color" description="">
			<option value="1">Yes</option>
			<option value="0">No</option>
		</param>
		<param name="topbar_background" type="text" default="#FFF" label="Top bar background color" description="" />
		<param name="show_bottombar_background" type="list" default="1" label="Show bottom-bar background color" description="">
			<option value="1">Yes</option>
			<option value="0">No</option>
		</param>
		<param name="bottombar_background" type="text" default="#000" label="Bottom bar background color" description="" />
		<param name="show_buttons_backgrounds" type="list" default="1" label="Show button background color" description="">
			<option value="1">Yes</option>
			<option value="0">No</option>
		</param>
		<param name="show_buttons_backgrounds" type="list" default="1" label="Show button background color" description="">
			<option value="1">Yes</option>
			<option value="0">No</option>
		</param>
		<param name="button_background" type="text" default="#333333" label="Button background color" description="" />
		<param name="show_buttons_backgrounds_hover" type="list" default="1" label="Show hover button background color" description="">
			<option value="1">Yes</option>
			<option value="0">No</option>
		</param>
		<param name="button_background_hover" type="text" default="#b73427" label="Button hover background color" description="" />
		<param name="show_header_background" type="list" default="1" label="Show header background color" description="">
			<option value="1">Trasparent</option>
			<option value="0">No</option>
			<option value="2">Color</option>
		</param>
		<param name="header_background" type="text" default="#006699" label="Header background color" description="" />
		<param name="button_background_hover" type="text" default="#b73427" label="Button hover background color" description="" />
		<param name="button_link" type="text" default="#FFFFFF" label="Button link color" description="" />
		<param name="button_link_hover" type="text" default="#FFFFFF" label="Hover button link color" description="" />
		<param name="show_borders" type="list" default="1" label="Show borders" description="">
			<option value="1">Yes</option>
			<option value="0">No</option>
		</param>
		<param name="border" type="text" default="#FFFFFF" label="Borders color" description="" />
		<param name="show_images" type="list" default="0" label="Show background image" description="">
			<option value="1">Yes</option>
			<option value="0">No</option>
		</param>
		<param name="folder" type="text" default="modules/mod_zaragoza_slides/images/" label="Default image folder" size="40" description="" />	
		<param name="image" type="text" default="image.jpg" label="General background image" description="" />	
		<param name="show_slidesimages" type="list" default="1" label="Show slides background images" description="">
			<option value="1">Yes</option>
			<option value="0">No</option>
		</param>
		<param name="image_list" type="text" default="image1.jpg, image4.jpg, image3.jpg, image2.jpg, image5.jpg"  size="40" label="Slides background image list" description="Separated by comas" />	
		<param name="moduleclass_sfx" type="text" default="" label="Module Class Suffix" description="PARAMMODULECLASSSUFFIX" />
		<param name="@spacer" type="spacer" default="" label="" description="" />
		<param name="autoplay" type="list" default="0" label="Auto play" description="">
			<option value="1">Yes</option>
			<option value="0">No</option>
		</param>
		<param name="mode" type="list" default="0" label="Mode" description="">
			<option value="horizontal">Horizontal</option>
			<option value="vertical">Vertical</option>
		</param>
		<param name="interval" type="text" default="5000" label="Interval" description="" />
		<param name="duration" type="text" default="500" label="Duration" description="" />
		<param name="transition" type="list" default="Fx.Transitions.Quart.easeIn" label="FX transition" description="">
			<option value="Fx.Transitions.Bounce">Fx.Transitions.Bounce</option>
			<option value="Fx.Transitions.Quad.easeOut">Quad.easeOut</option>
			<option value="Fx.Transitions.Quad.easeInOut">Quad.easeInOut</option>
			<option value="Fx.Transitions.Cubic.easeIn">Cubic.easeIn</option>
			<option value="Fx.Transitions.Cubic.easeOut">Cubic.easeOut</option>
			<option value="Fx.Transitions.Cubic.easeInOut">Cubic.easeInOut</option>
			<option value="Fx.Transitions.Quart.easeIn">Quart.easeIn</option>
			<option value="Fx.Transitions.Quart.easeOut">Quart.easeOut</option>
			<option value="Fx.Transitions.Quart.easeInOut">Quart.easeInOut</option>
			<option value="Fx.Transitions.Quint.easeIn">Quint.easeIn</option>
			<option value="Fx.Transitions.Quint.easeOut">Quint.easeOut</option>
			<option value="Fx.Transitions.Quint.easeInOut">Quint.easeInOut</option>
			<option value="Fx.Transitions.Expo.easeIn">Expo.easeIn</option>
			<option value="Fx.Transitions.Expo.easeOut">Expo.easeOut</option>
			<option value="Fx.Transitions.Expo.easeInOut">Expo.easeInOut</option>
			<option value="Fx.Transitions.Circ.easeIn">Circ.easeIn</option>
			<option value="Fx.Transitions.Circ.easeOut">Circ.easeOut</option>
			<option value="Fx.Transitions.Circ.easeInOut">Circ.easeInOut</option>
			<option value="Fx.Transitions.Sine.easeIn">Sine.easeIn</option>
			<option value="Fx.Transitions.Sine.easeOut">Sine.easeOut</option>
			<option value="Fx.Transitions.Sine.easeInOut">Sine.easeInOut</option>
			<option value="Fx.Transitions.Back.easeIn">Back.easeIn</option>
			<option value="Fx.Transitions.Back.easeOut">Back.easeOut</option>
			<option value="Fx.Transitions.Back.easeInOut">Back.easeInOut</option>
			<option value="Fx.Transitions.Bounce.easeIn">Bounce.easeIn</option>
			<option value="Fx.Transitions.Bounce.easeOut">Bounce.easeOut</option>
			<option value="Fx.Transitions.Bounce.easeInOut">Bounce.easeInOut</option>
			<option value="Fx.Transitions.Elastic.easeIn">Elastic.easeIn</option>
			<option value="Fx.Transitions.Elastic.easeOut">Elastic.easeOut</option>
			<option value="Fx.Transitions.Elastic.easeInOut">Elastic.easeInOut</option>
		</param>		
	</params>
	<params group="advanced">
		<param name="cache" type="list" default="1" label="Caching" description="Select whether to cache the content of this module">
			<option value="1">Use global</option>
			<option value="0">No caching</option>
		</param>
		<param name="cache_time" type="text" default="900" label="Cache Time" description="The time before the module is recached" />
	</params>
</install>