<?xml version="1.0" encoding="utf-8"?>
<install type="module" version="1.5.0">
	<name>Camp26 Scroll News</name>
	<author>Rony Sandra Yofa Zebua - Yarfik Ardiansyah- camp26.biz Team</author>
	<creationDate>14 December 2008</creationDate>
	<copyright>(C) 2008 camp26.biz</copyright>
	<license>http://www.gnu.org/copyleft/gpl.html GNU/GPL</license>
	<authorEmail>camp26team@gmail.com</authorEmail>
	<authorUrl> www.camp26.biz</authorUrl>
	<version>1.0</version>
	<description>MODULE : CAMP26SCROLLNEWS</description>
	<files>
		<filename module="mod_camp26_scrollnews">mod_camp26_scrollnews.php</filename>
		<filename>index.html</filename>
		<filename>helper.php</filename>
		<filename>tmpl/index.html</filename>
		<filename>tmpl/default.php</filename>
	</files>
	<languages>
		<language tag="en-GB">language/en-GB/en-GB.mod_camp26_scrollnews.ini</language>
	</languages>
	<params>
		<param name="count" type="text" default="5" label="Count" description="The number of items to display (default 5)" />
		<param name="order_type" type="list" default="0" label="Order by" description="Order content items / articles by most read or created date">
			<option value="0">Random</option>
			<option value="1">Latest News</option>
			<option value="2">Oldest News</option>
			<option value="3">Popular News</option>
			<option value="4">Less News</option>
			<option value="5">Ordering Descending</option>
			<option value="6">Ordering Ascending</option>
		</param>
		<param name="user_id" type="list" default="0" label="Authors" description="A filter for the authors">
			<option value="0">Anyone</option>
			<option value="by_me">Added or modified by me</option>
			<option value="not_me">Not added or modified by me</option>
	  	</param>
		<param name="@spacer" type="spacer" default="" label="" description="" />
		<param name="show_front" type="radio" default="1" label="Frontpage Items" description="PARAMFRONTPAGEITEMS">
			<option value="1">show</option>
			<option value="0">hide</option>
		</param>
		<param name="secid" type="text" default="" label="Section ID" description="PARAMSECTIONID" />
		<param name="catid" type="text" default="" label="Category ID" description="PARAMCATEGORYID" />
		<param name="@spacer" type="spacer" default="" label="" description="" />
		<param name="height" type="text" default="20" label="Height" description="The height of items to display (default 20 in px)" />
		<param name="width" type="text" default="100" label="Width" description="The width of items to display (default 100 in %)" />
		<param name="scrollamount" type="text" default="5" label="Scroll Amount" description="The Scroll Amount of items to display (default 5)" />
		<param name="company_text" type="text" default="#Medio News#" label="Text Separator" description="The text between of items to display" />
		<param name="@spacer" type="spacer" default="" label="" description="" />
		<param name="moduleclass_sfx" type="text" default="" label="Module Class Suffix" description="PARAMMODULECLASSSUFFIX" />
	</params>
	<params group="advanced">
		<param name="cache" type="list" default="1" label="Caching" description="Select whether to cache the content of this module">
			<option value="1">Use global</option>
			<option value="0">No caching</option>
		</param>
		<param name="cache_time" type="text" default="900" label="Cache Time" description="The time before the module is recached" />
	</params>
</install>
