<?xml version="1.0" encoding="utf-8"?>
<install type="module" client="site" version="1.5.0" method="upgrade">
	<name>JComments Top Posters</name>
	<creationDate>14/02/2011</creationDate>
	<author>smart</author>
	<copyright>Copyright 2006-2011 Joomlatune.ru All rights reserved!</copyright>
	<authorEmail>smart@joomlatune.ru</authorEmail>
	<authorUrl>http://www.joomlatune.ru</authorUrl>
	<license>http://www.gnu.org/copyleft/gpl.html GNU/GPL</license>
	<version>1.2</version>
	<description>This module shows a list of the top comment posters for JComments</description>
	
	<files>
		<filename module="mod_jcomments_top_posters">mod_jcomments_top_posters.php</filename>
	</files>
	<params>
		<param name="embeded_css" type="radio" default="1" label="Emeded CSS" description="Use built-in CSS styles">
			<option value="0">No</option>
			<option value="1">Yes</option>
		</param>
		<param name="count" type="text" default="5" label="Count" description="The number of top posters to display" />
		<param name="order_by" type="list" default="count" label="Order by" description="">
			<option value="count">Comments</option>
			<option value="votes">Votes</option>
		</param>
		<param name="display_guests" type="radio" default="0" label="Display guests" description="Display guest posters in list">
			<option value="0">No</option>
			<option value="1">Yes</option>
		</param>
		<param name="display_name" type="list" default="username" label="Display name" description="Show login or real name for authorised users">
			<option value="username">Login</option>
			<option value="name">Name</option>
		</param>
		<param name="display_votes" type="list" default="" label="Display votes" description="Show user comments summary votes">
			<option value="">No</option>
			<option value="summary">Summary</option>
			<option value="detail">Detail</option>
		</param>
		<param name="@spacer" type="spacer" default="" label="" description="" />
		<param name="avatar" type="radio" default="0" label="Show avatar" description="Show user avatar in module. Require installed avatar plugin">
			<option value="0">No</option>
			<option value="1">Yes</option>
		</param>
		<param name="avatar_size" type="text" default="32" label="Avatar Size" description="Width of avatar image" />
		<param name="profile_link" type="radio" default="0" label="Link to profile" description="Link username and avatar to user profile">
			<option value="0">No</option>
			<option value="1">Yes</option>
		</param>
	</params>
	<params group="advanced">
		<param name="cache" type="list" default="1" label="Caching" description="Select whether to cache the content of this module">
			<option value="1">Use global</option>
			<option value="0">No caching</option>
		</param>
		<param name="cache_time" type="text" default="900" label="Cache Time" description="The time before the module is recached" />
		<param name="@spacer" type="spacer" default="" label="" description="" />
		<param name="moduleclass_sfx" type="text" default="" label="Module Class Suffix" description="A suffix to be applied to the css class of the module (table.moduletable), this allows individual module styling" />
	</params>
	<languages>
		<language tag="en-GB">languages/en-GB.mod_jcomments_top_posters.ini</language>
		<language tag="ru-RU">languages/ru-RU.mod_jcomments_top_posters.ini</language>
	</languages>
</install>