<?xml version="1.0" encoding="utf-8"?>
<install version="1.5" type="plugin" group="k2" method="upgrade">
	<name>K2 JComments Plugin</name>
	<creationDate>30/05/2011</creationDate>
	<author>smart</author>
	<authorEmail>smart@joomlatune.ru</authorEmail>
	<authorUrl>http://www.joomlatune.ru</authorUrl>
	<copyright>Copyright 2010-2011 JoomlaTune.ru All rights reserved!</copyright>
	<license>http://www.gnu.org/copyleft/gpl.html GNU/GPL</license>
	<version>1.2</version>
	<description>This plugin give you the possibility to comment k2 content via JComments</description>
	<files>
		<filename plugin="jcomments">jcomments.php</filename>
	</files>
	<params>
		<param name="autosubscribe" type="radio" default="0" label="Autosubscribe Authors" description="">
			<option value="0">No</option>
			<option value="1">Yes</option>
		</param>
	</params>
</install>